{
  "mt": 0.0010741245845288648,
  "ae": 0.013399195702000405,
  "af": 0.0406835582604533,
  "al": 0.0047704231223961455,
  "am": 0.008132813228778912,
  "ao": 0.03459387600071891,
  "ar": 0.054985202638409315,
  "at": 0.020857563537489847,
  "au": 0.11188450690907757,
  "az": 0.015561186207886813,
  "ba": 0.010711281256168846,
  "bd": 0.01275438195795163,
  "be": 0.010136173015900784,
  "bf": 0.021274010791731638,
  "bg": 0.01718780938816607,
  "bi": 0.0048101943043187935,
  "bj": 0.008410454820694017,
  "bn": 0.0034712917141131215,
  "bo": 0.0336318310864028,
  "br": 0.10917700954490206,
  "bs": 0.005514377282265037,
  "bt": 0.0091443451160353,
  "bw": 0.02652071954482397,
  "by": 0.026401648137149923,
  "bz": 0.0031142439610305373,
  "ca": 0.24560884080080153,
  "cd": 0.052813254203411375,
  "cf": 0.03592288119633652,
  "cg": 0.02046069920159201,
  "ch": 0.012288326661722611,
  "ci": 0.016801084584950186,
  "cl": 0.024140411280027318,
  "cm": 0.020927208506747088,
  "cn": 0.17059918100421811,
  "co": 0.03369133652297809,
  "cr": 0.009441932833435203,
  "cu": 0.03002168830907039,
  "cy": 0.006446745146447843,
  "cz": 0.018388027385092005,
  "de": 0.025112323321669742,
  "dj": 0.004601895009043555,
  "dk": 0.012784255745286221,
  "do": 0.010086595241175292,
  "dz": 0.057524202156493974,
  "ec": 0.015948122881934857,
  "ee": 0.013329762603575327,
  "eg": 0.03383026325435172,
  "eh": 0.023356822140913596,
  "er": 0.018794637779269215,
  "es": 0.03457402067701932,
  "et": 0.041258817837030046,
  "fk": 0.00959066615761168,
  "fi": 0.030230033005238233,
  "fj": 0.008123006635976067,
  "fr": 0.039364480726685476,
  "ga": 0.01565059569905843,
  "gb": 0.025737160672971982,
  "ge": 0.018586338483993974,
  "gf": 0.007954206117267841,
  "gh": 0.011970974422408331,
  "gl": 0.1698751275689414,
  "gm": 0.008331094060419144,
  "gn": 0.020292201355501156,
  "gq": 0.005504464754046113,
  "gr": 0.017961501132691737,
  "gt": 0.01112800091576627,
  "gw": 0.008281486018431915,
  "gy": 0.013538031631588827,
  "hn": 0.017257272753852887,
  "hr": 0.01594818341645833,
  "ht": 0.007884773018842764,
  "hu": 0.018100246260494945,
  "id": 0.1271783121267782,
  "ie": 0.010969279395216526,
  "il": 0.004363933797265886,
  "in": 0.08127794916782888,
  "iq": 0.027185207009001906,
  "ir": 0.05340839937094945,
  "is": 0.029793639625511646,
  "it": 0.03261028073551141,
  "jm": 0.005940888401034438,
  "jo": 0.011881776802068877,
  "jp": 0.04485898755162006,
  "ke": 0.022136930423858496,
  "kg": 0.030021552106392572,
  "kh": 0.014648870404604886,
  "kp": 0.018110234456868213,
  "kr": 0.009312933763911364,
  "xk": 0.004740882274940662,
  "kw": 0.005137504472744603,
  "kz": 0.11371955045367901,
  "la": 0.0207187881424249,
  "lb": 0.004135839712814535,
  "lk": 0.005811919598772336,
  "lr": 0.010840431662001371,
  "ls": 0.006466479401100482,
  "lt": 0.015382851501731378,
  "lu": 0.0015868822656183459,
  "lv": 0.019806048597478653,
  "ly": 0.04406553128518002,
  "ma": 0.033254912875989764,
  "md": 0.009471715818984584,
  "me": 0.0052564548113717005,
  "mg": 0.020083962594749392,
  "mk": 0.006922788639050131,
  "ml": 0.045721816381961704,
  "mm": 0.024685857603792948,
  "mn": 0.0890534271045387,
  "mr": 0.03376076962140317,
  "mw": 0.008569085539458551,
  "mx": 0.08430275337042606,
  "my": 0.053110993257119966,
  "mz": 0.02946638999160931,
  "na": 0.037132875518803565,
  "nc": 0.008588940863158138,
  "ne": 0.0434009832864786,
  "ng": 0.03305654124256432,
  "ni": 0.01257600185090359,
  "nl": 0.010503103029940557,
  "no": 0.07313493587184454,
  "np": 0.022484035381460418,
  "nz": 0.03338394221277534,
  "om": 0.021720392367831493,
  "pa": 0.015918355030016346,
  "pe": 0.035446746901949024,
  "pg": 0.04176470484970519,
  "ph": 0.02604455498317473,
  "pl": 0.027681045290780307,
  "pk": 0.04716995351977684,
  "pr": 0.004592027881717236,
  "ps": 0.0017257181952067674,
  "pt": 0.008727837327270034,
  "py": 0.023337027351737483,
  "qa": 0.0024001333212345,
  "ro": 0.026153698728998986,
  "rs": 0.011554466633643066,
  "ru": 0.47398023390418803,
  "rw": 0.004988710614044651,
  "sa": 0.05848633787259529,
  "sb": 0.016424166374537145,
  "sd": 0.045811074536824634,
  "se": 0.03580377952140074,
  "si": 0.007974031173705692,
  "sj": 0.04716998378703858,
  "sk": 0.015789340826861637,
  "sl": 0.00839059949699443,
  "sn": 0.017128273684329048,
  "so": 0.028236449543657467,
  "sr": 0.011365992394805678,
  "ss": 0.031727596581470174,
  "sv": 0.006595493604255189,
  "sy": 0.018496989527345836,
  "sz": 0.0038779626428138043,
  "td": 0.028772180076405463,
  "tf": 0.005117709683568491,
  "tg": 0.0053259787115819916,
  "th": 0.022841128535435608,
  "tj": 0.020966555947005416,
  "tl": 0.006575623146924735,
  "tm": 0.03905705614922099,
  "tn": 0.01102881509905355,
  "tr": 0.05212888114827211,
  "tt": 0.002935712517673811,
  "tw": 0.005137565007268078,
  "tz": 0.030517571991741398,
  "ua": 0.05003632374081078,
  "ug": 0.015174612740979615,
  "us": 0.28516173523180094,
  "uy": 0.01450997394049299,
  "uz": 0.04762602061963259,
  "ve": 0.037668454715242876,
  "vn": 0.01992542267777007,
  "vu": 0.0033721361646621368,
  "ye": 0.02920839185256163,
  "za": 0.045831111464094645,
  "zm": 0.032253338917844904,
  "zw": 0.02109561555105273
}
